{"cameraMode":{"drawMode":0,"name":"Shaded","section":"Shading Mode"},"sceneLighting":false,"audioPlay":false,"sceneViewState":{"m_AlwaysRefresh":false,"showFog":true,"showSkybox":false,"showFlares":true,"showImageEffects":true,"showParticleSystems":true,"showVisualEffectGraphs":true,"m_FxEnabled":true},"in2DMode":false,"pivot":{"x":0.2766959071159363,"y":0.87929767370224,"z":10.047422409057618},"rotation":{"x":0.03078361600637436,"y":0.21128824353218079,"z":-0.00665787048637867,"w":0.976916491985321},"size":1.2460352182388306,"orthographic":true}