{"cameraMode":{"drawMode":0,"name":"Shaded","section":"Shading Mode"},"sceneLighting":true,"audioPlay":false,"sceneViewState":{"m_AlwaysRefresh":false,"showFog":true,"showSkybox":true,"showFlares":true,"showImageEffects":true,"showParticleSystems":true,"showVisualEffectGraphs":true,"m_FxEnabled":true},"in2DMode":false,"pivot":{"x":52.902645111083987,"y":9.528797149658204,"z":3.8106842041015627},"rotation":{"x":0.0868840143084526,"y":0.012249383144080639,"z":-0.001072385348379612,"w":0.9961479306221008},"size":56.94697952270508,"orthographic":true}