{"cameraMode":{"drawMode":0,"name":"Shaded","section":"Shading Mode"},"sceneLighting":true,"audioPlay":false,"sceneViewState":{"m_AlwaysRefresh":false,"showFog":true,"showSkybox":true,"showFlares":true,"showImageEffects":true,"showParticleSystems":true,"showVisualEffectGraphs":true,"m_FxEnabled":true},"in2DMode":false,"pivot":{"x":1665.9180908203125,"y":983.989013671875,"z":4.627593994140625},"rotation":{"x":-0.008798617869615555,"y":0.010329831391572953,"z":0.0001979423686861992,"w":0.9999080896377564},"size":155.33273315429688,"orthographic":false}