{"cameraMode":{"drawMode":0,"name":"Shaded","section":"Shading Mode"},"sceneLighting":true,"audioPlay":false,"sceneViewState":{"m_AlwaysRefresh":false,"showFog":true,"showSkybox":true,"showFlares":true,"showImageEffects":true,"showParticleSystems":true,"showVisualEffectGraphs":true,"m_FxEnabled":true},"in2DMode":false,"pivot":{"x":-2.767502784729004,"y":4.867588996887207,"z":6.485846519470215},"rotation":{"x":0.5546417832374573,"y":-0.012479117140173912,"z":0.008321631699800492,"w":0.8319662809371948},"size":17.504981994628908,"orthographic":true}