{"cameraMode":{"drawMode":0,"name":"Shaded","section":"Shading Mode"},"sceneLighting":true,"audioPlay":false,"sceneViewState":{"m_AlwaysRefresh":false,"showFog":true,"showSkybox":true,"showFlares":true,"showImageEffects":true,"showParticleSystems":true,"showVisualEffectGraphs":true,"m_FxEnabled":true},"in2DMode":false,"pivot":{"x":-0.018831253051757814,"y":2.6391024589538576,"z":0.26941442489624026},"rotation":{"x":0.0294282715767622,"y":-0.4519307017326355,"z":0.01491902582347393,"w":0.8914445638656616},"size":14.18890380859375,"orthographic":true}