{"cameraMode":{"drawMode":0,"name":"Shaded","section":"Shading Mode"},"sceneLighting":true,"audioPlay":false,"sceneViewState":{"m_AlwaysRefresh":false,"showFog":true,"showSkybox":true,"showFlares":true,"showImageEffects":true,"showParticleSystems":true,"showVisualEffectGraphs":true,"m_FxEnabled":true},"in2DMode":false,"pivot":{"x":2.2086706161499025,"y":4.065364360809326,"z":24.139442443847658},"rotation":{"x":-0.13286682963371278,"y":0.32838675379753115,"z":-0.04671536013484001,"w":-0.9339851140975952},"size":14.70351505279541,"orthographic":false}