{"cameraMode":{"drawMode":0,"name":"Shaded","section":"Shading Mode"},"sceneLighting":false,"audioPlay":false,"sceneViewState":{"m_AlwaysRefresh":false,"showFog":true,"showSkybox":false,"showFlares":true,"showImageEffects":true,"showParticleSystems":true,"showVisualEffectGraphs":true,"m_FxEnabled":true},"in2DMode":false,"pivot":{"x":6.3600006103515629,"y":1.2815581560134888,"z":2.6462907791137697},"rotation":{"x":0.03078361600637436,"y":0.21128824353218079,"z":-0.00665787048637867,"w":0.976916491985321},"size":2.8945939540863039,"orthographic":true}